"Días de control","Empleado","Estado","Frecuencia de control","Id externa","ID externo","Key user","Last Updated on","Nombre de la entidad","Nombre en sistema de cliente","Responsable del control","Secuencia","Uso","Responsible User","Volumen Anual Estimado","Responsable","Observaciones","Máximo días sin documentos","Máximo días sin cargas","Clientes","Categorías","Asistente","Activo","Display Name","Created on","ID","Green activo","Frecuencia de reuniones","Followers (Partners)","Followers"
"","","❌ Inactiva","","22","__export__.x_entidad_126_bb5f3469","","2026-01-20 18:00:19","TIBA","","Carlos González","10","Interna","","0","Soporte","","0","0","BEMEL S.A.S. - (COLOMBIA)","","Soporte","True","TIBA","2023-12-12 13:44:31","126","","","Mojito360, S.L., Admin","Mojito360, S.L., Admin"
"","","❌ Inactiva","","25","__export__.x_entidad_127_8c2641c8","","2026-01-20 18:00:47","NO USAR - Peñaflor","","Carlos González","10","Interna","","0","Soporte","","0","0","","","Soporte","True","NO USAR - Peñaflor","2023-12-12 13:44:39","127","","","Mojito360, S.L., Admin","Mojito360, S.L., Admin"
"","","❌ Inactiva","","26","__export__.x_entidad_128_1cda95f5","","2026-01-20 18:01:02","NO USAR - Grupo Peñaflor","","Carlos González","10","Interna","","0","Soporte","","0","0","","","Soporte","True","NO USAR - Grupo Peñaflor","2023-12-12 13:44:47","128","","","Mojito360, S.L., Admin","Mojito360, S.L., Admin"
"","","❌ Inactiva","","2","__export__.x_entidad_129_943bf28f","","2026-01-20 18:00:11","Encamina","","Carlos González","10","Interna","","0","Soporte","","0","0","","","Soporte","True","Encamina","2023-12-12 13:52:47","129","","","Mojito360, S.L., Admin","Mojito360, S.L., Admin"
"","Alberto Pertusa Ros","✅ Activa","","27","__export__.x_entidad_130_ca62d018","","2026-01-20 18:01:13","Demo","","Carlos González","10","Interna","","0","Soporte","","0","0","","","Soporte","True","Demo","2023-12-12 15:17:40","130","","","Mojito360, S.L., Admin","Mojito360, S.L., Admin"
"","","❌ Inactiva","","32","__export__.x_entidad_131_e30205c7","","2026-01-20 18:01:31","TEC Container","","Carlos González","10","Producción","","0","Soporte","","0","0","","","Soporte","True","TEC Container","2023-12-12 15:17:49","131","","","Mojito360, S.L., Admin","Mojito360, S.L., Admin"
"","","✅ Activa","","34","__export__.x_entidad_133_c8d51910","","2026-01-20 18:02:04","Demo 2","","Carlos González","10","Interna","","0","Soporte","","5","3","","","Soporte","True","Demo 2","2023-12-12 15:18:07","133","","","Mojito360, S.L., Admin","Mojito360, S.L., Admin"
"","","","","","","","","","","","","","","","","","","","","","","","","","","","","Mojito360, S.L., Jorge Enrique Green Martínez",""
"","","","","","","","","","","","","","","","","","","","","","","","","","","","","","Mojito360, S.L., Jorge Enrique Green Martínez"
"","","❌ Inactiva","","35","__export__.x_entidad_134_deec1dc7","","2026-01-20 18:02:14","NO USAR - San Miguel Fruits","","Carlos González","10","Interna","","0","Soporte","","0","0","","","Soporte","True","NO USAR - San Miguel Fruits","2023-12-12 15:18:20","134","","","Mojito360, S.L., Admin","Mojito360, S.L., Admin"
"","","❌ Inactiva","","36","__export__.x_entidad_135_43acab6f","","2026-01-20 18:02:24","San Miguel Fruits HISTORICO","","Carlos González","10","Test","","0","Soporte","","0","0","","","Soporte","True","San Miguel Fruits HISTORICO","2023-12-12 15:18:29","135","","","Mojito360, S.L., Admin","Mojito360, S.L., Admin"
"","","❌ Inactiva","","37","__export__.x_entidad_136_a2d1a4b3","","2026-01-20 18:02:35","Grupo Peñaflor","","Carlos González","10","Producción","","0","Soporte","","0","0","","","Soporte","True","Grupo Peñaflor","2023-12-12 15:18:37","136","","","Mojito360, S.L., Admin","Mojito360, S.L., Admin"
"","","❌ Inactiva","","38","__export__.x_entidad_137_12db01ef","","2026-01-20 18:02:44","Danper","","Carlos González","10","Test","","0","Soporte","","0","0","","","Soporte","True","Danper","2023-12-12 15:18:46","137","","","Mojito360, S.L., Admin","Mojito360, S.L., Admin"
"","","❌ Inactiva","","39","__export__.x_entidad_138_1d6f6007","","2026-01-20 18:02:52","Citrusvil","","Carlos González","10","Test","","0","Soporte","","0","0","","","Soporte","True","Citrusvil","2023-12-12 15:18:53","138","","","Mojito360, S.L., Admin","Mojito360, S.L., Admin"
"","","❌ Inactiva","","40","__export__.x_entidad_139_505c1d36","","2026-01-20 18:03:01","San Miguel Fruits Test","","Carlos González","10","Test","","0","Soporte","","0","0","","","Soporte","True","San Miguel Fruits Test","2023-12-12 15:19:04","139","","","Mojito360, S.L., Admin","Mojito360, S.L., Admin"
"Lunes","","❌ Inactiva","Diaria","41","__export__.x_entidad_140_bc0581b7","","2026-01-20 18:03:10","Argensun","","Carlos González","10","Producción","","0","Soporte","","0","0","","","Soporte","True","Argensun","2023-12-12 15:19:12","140","","","Mojito360, S.L., Admin","Mojito360, S.L., Admin"
"Martes","","","","","","","","","","","","","","","","","","","","","","","","","","","","",""
"Miércoles","","","","","","","","","","","","","","","","","","","","","","","","","","","","",""
"Jueves","","","","","","","","","","","","","","","","","","","","","","","","","","","","",""
"Viernes","","","","","","","","","","","","","","","","","","","","","","","","","","","","",""
"","","❌ Inactiva","","42","__export__.x_entidad_141_666485c1","","2026-01-20 18:03:20","Power Electronics","","Carlos González","10","Test","","0","Soporte","","0","0","","","Soporte","True","Power Electronics","2023-12-12 15:19:20","141","","","Mojito360, S.L., Admin","Mojito360, S.L., Admin"
"","","❌ Inactiva","","43","__export__.x_entidad_142_0cb5a18b","","2026-01-20 18:03:33","Incarlopsa","","Carlos González","10","Test","","0","Soporte","","0","0","","","Soporte","True","Incarlopsa","2023-12-12 15:19:28","142","","","Mojito360, S.L., Admin","Mojito360, S.L., Admin"
"","","❌ Inactiva","","44","__export__.x_entidad_143_b15c0681","","2026-01-20 18:03:44","NCT Holland","","Carlos González","10","Test","","0","Soporte","","0","0","","","Soporte","True","NCT Holland","2023-12-12 15:19:37","143","","","Mojito360, S.L., Admin","Mojito360, S.L., Admin"
"","","❌ Inactiva","Diaria","45","__export__.x_entidad_144_35f60351","","2026-01-20 18:03:53","H Ujueta","H UJUETA S.A.S.;FIXER BY UJUETA;UJUETA TRADING CORPORATION;FIXER BY UJUETA","Carlos González","10","Producción","","0","Soporte","","0","0","","","Soporte","True","H Ujueta","2023-12-12 15:19:47","144","","","Mojito360, S.L., Admin","Mojito360, S.L., Admin"
"","","❌ Inactiva","","46","__export__.x_entidad_145_b1e002f2","","2026-01-20 18:04:02","Lluch","","Carlos González","10","Test","","0","Soporte","","0","0","","","Soporte","True","Lluch","2023-12-12 15:19:56","145","","","Mojito360, S.L., Admin","Mojito360, S.L., Admin"
"","","❌ Inactiva","","47","__export__.x_entidad_146_da9fdf6d","","2026-01-20 18:04:11","Cebollas Tara","","Carlos González","10","Test","","0","Soporte","","0","0","","","Soporte","True","Cebollas Tara","2023-12-12 15:20:06","146","","","Mojito360, S.L., Admin","Mojito360, S.L., Admin"
"","","❌ Inactiva","","48","__export__.x_entidad_147_ba09095f","","2026-01-20 18:04:21","Visa Logística","","Carlos González","10","Test","","0","Soporte","","0","0","","","Soporte","True","Visa Logística","2023-12-12 15:20:14","147","","","Mojito360, S.L., Admin","Mojito360, S.L., Admin"
"","","❌ Inactiva","","49","__export__.x_entidad_148_48c6f98e","","2026-01-20 18:04:30","Sportline","","Carlos González","10","Producción","","0","Soporte","","0","0","","","Soporte","True","Sportline","2023-12-12 15:20:23","148","","","Mojito360, S.L., Admin","Mojito360, S.L., Admin"
"","","✅ Activa","","50","__export__.x_entidad_149_53e5b93b","","2026-01-20 18:04:39","Demo Aéreo","","Carlos González","10","Interna","","0","Soporte","","0","0","","","Soporte","True","Demo Aéreo","2023-12-12 15:20:33","149","","","Mojito360, S.L., Admin","Mojito360, S.L., Admin"
"","","❌ Inactiva","","51","__export__.x_entidad_150_2e9d8d0d","","2026-01-20 18:04:48","Coéxito","","Carlos González","10","Producción","","0","Soporte","","0","0","","","Soporte","True","Coéxito","2023-12-12 15:20:41","150","","","Mojito360, S.L., Admin","Mojito360, S.L., Admin"
"","","❌ Inactiva","","52","__export__.x_entidad_151_7d98d60a","","2026-01-20 18:04:58","Madecentro","","Carlos González","10","Producción","","0","Soporte","","0","0","","","Soporte","True","Madecentro","2023-12-12 15:20:49","151","","","Mojito360, S.L., Admin","Mojito360, S.L., Admin"
"Martes","","❌ Inactiva","Diaria","1052","__export__.x_entidad_152_aadce92d","","2026-01-20 18:05:09","Materiales EMO","MATERIALES EMO SOCIEDAD POR ACCIONES SIMPLIFICADA S.A.S;METALICAS EMO SAS;CAMIONES Y EQUIPOS DEL CAFE S.A.S.;QUIMICAS QUIMBAYA SAS","Carlos González","10","Producción","","0","Soporte","","0","0","","","Soporte","True","Materiales EMO","2023-12-12 15:20:59","152","","","Mojito360, S.L., Admin","Mojito360, S.L., Admin"
"Jueves","","","","","","","","","","","","","","","","","","","","","","","","","","","","",""
"","","❌ Inactiva","","1053","__export__.x_entidad_153_f41605fa","","2026-01-20 18:05:18","San Miguel Fruits Imple","","Carlos González","10","Test","","0","Soporte","","0","0","","","Soporte","True","San Miguel Fruits Imple","2023-12-12 15:21:24","153","","","Mojito360, S.L., Admin","Mojito360, S.L., Admin"
"","","❌ Inactiva","Diaria","1054","__export__.x_entidad_154_3a9f440d","","2026-01-20 18:05:42","Alfagres","","Carlos González","10","Producción","","0","Soporte","","0","0","","","Soporte","True","Alfagres","2023-12-12 15:21:32","154","","","Mojito360, S.L., Admin","Mojito360, S.L., Admin"
"Martes","","❌ Inactiva","Diaria","1055","__export__.x_entidad_155_7b9dca8f","","2026-01-20 18:05:52","Grupo Chaneme","CHANEME COMERCIAL S.A.;BONEM S.A.;INCOLBEST SA;INDUSTRIAS METALICAS ASOCIADAS IMAL S A;GABRIEL DE COLOMBIA S.A.;TGS TRANSPORT GLOBAL SUPPLIERS S.A.S","Carlos González","10","Producción","","0","Soporte","","0","0","","","Soporte","True","Grupo Chaneme","2023-12-12 15:21:40","155","","","Mojito360, S.L., Admin","Mojito360, S.L., Admin"
"Jueves","","","","","","","","","","","","","","","","","","","","","","","","","","","","",""
"","","❌ Inactiva","","1056","__export__.x_entidad_156_3c147d1f","","2026-01-20 18:06:02","Jeronimo Martins","","Carlos González","10","Producción","","0","Soporte","","0","0","","","Soporte","True","Jeronimo Martins","2023-12-12 15:21:50","156","","","Mojito360, S.L., Admin","Mojito360, S.L., Admin"
"Martes","Soporte","✅ Activa","Diaria","1057","__export__.x_entidad_157_f31d0616","","2026-01-20 18:06:13","Specialized","SPECIALIZED COLOMBIA S.A.S.","Soporte","10","Producción","","0","Soporte","","0","0","BEMEL S.A.S. - (COLOMBIA)","","Soporte","True","Specialized","2023-12-12 15:21:59","157","","","Mojito360, S.L., Admin","Mojito360, S.L., Admin"
"Jueves","","","","","","","","","","","","","","","","","","","","","","","","","","","","",""
"","","❌ Inactiva","","1058","__export__.x_entidad_158_2de82ad7","","2026-01-20 18:06:22","Fanalca","","Carlos González","10","Interna","","0","Soporte","","0","0","","","Soporte","True","Fanalca","2023-12-12 15:22:09","158","","","Mojito360, S.L., Admin","Mojito360, S.L., Admin"
"","","❌ Inactiva","","1059","__export__.x_entidad_159_c01a8fb8","","2026-01-20 18:06:34","Quala","","Carlos González","10","Producción","","0","Soporte","","0","0","","","Soporte","True","Quala","2023-12-12 15:22:22","159","","","Mojito360, S.L., Admin","Mojito360, S.L., Admin"
"","","❌ Inactiva","","1060","__export__.x_entidad_160_fdcedc2f","","2026-01-20 18:06:43","Grupo Orbis","","Carlos González","10","Producción","","0","Soporte","","0","0","","","Soporte","True","Grupo Orbis","2023-12-12 15:22:31","160","","","Mojito360, S.L., Admin","Mojito360, S.L., Admin"
"","","❌ Inactiva","","1061","__export__.x_entidad_161_5ecd6094","","2026-01-20 18:06:55","Boing Global","","Carlos González","10","Producción","","0","Soporte","","0","0","","","Soporte","True","Boing Global","2023-12-12 15:22:41","161","","","Mojito360, S.L., Admin","Mojito360, S.L., Admin"
"","","❌ Inactiva","","1062","__export__.x_entidad_162_a91e184a","","2026-01-20 18:07:05","Super Tiendas y Droguerias Olímpica S.A","","Carlos González","10","Producción","","0","Soporte","","0","0","","","Soporte","True","Super Tiendas y Droguerias Olímpica S.A","2023-12-12 15:22:49","162","","","Mojito360, S.L., Admin","Mojito360, S.L., Admin"
"","","❌ Inactiva","","1063","__export__.x_entidad_163_87dca496","","2026-01-20 18:07:13","Deacero","","Carlos González","10","Producción","","0","Soporte","","0","0","","","Soporte","True","Deacero","2023-12-12 15:22:57","163","","","Mojito360, S.L., Admin","Mojito360, S.L., Admin"
"","Soporte","✅ Activa","Diaria","1064","__export__.x_entidad_164_da22645a","","2026-01-20 18:07:24","Mina Pirquitas","","Soporte","10","Producción","","0","Soporte","","30","30","MINA PIRQUITAS","","Soporte","True","Mina Pirquitas","2023-12-12 15:23:06","164","","Quincenal","Mojito360, S.L., Admin","Mojito360, S.L., Admin"
"","","","","","","","","","","","","","","","","","","","","","","","","","","","","Mojito360, S.L., Soporte",""
"","","","","","","","","","","","","","","","","","","","","","","","","","","","","","Mojito360, S.L., Soporte"
"","Soporte","✅ Activa","","1065","__export__.x_entidad_165_09dca61c","SAMAR INTERNACIONAL, maria.sanchez@samarinternacional.com","2026-01-20 18:07:34","SAMAR","","Soporte","10","Producción","","1000","Soporte","","7","7","SAMAR INTERNACIONAL SL","","Soporte","True","SAMAR","2023-12-12 15:23:15","165","","Quincenal","Mojito360, S.L., Admin","Mojito360, S.L., Admin"
"","","","","","","","","","","","","","","","","","","","SAMAR INTERNACIONAL, maria.sanchez@samarinternacional.com","","","","","","","","","",""
"Lunes","Soporte","✅ Activa","Diaria","1066","__export__.x_entidad_166_69bdfb2a","CÍTRICO GLOBAL SL, Jose Espejo","2026-01-20 18:07:43","Citri&Co","Citri&Co","Soporte","10","Producción","","9000","Soporte","","2","2","CÍTRICO GLOBAL SL","","Soporte","True","Citri&Co","2023-12-12 15:23:23","166","","Semanal","Mojito360, S.L., Admin","Mojito360, S.L., Admin"
"Miércoles","","","","","","","","","","","","","","","","","","","","","","","","","","","","",""
"Viernes","","","","","","","","","","","","","","","","","","","","","","","","","","","","",""
"","","","","","","","","","","","","","","","","","","","CÍTRICO GLOBAL SL, Jose Espejo","","","","","","","","","",""
"","","","","","","","","","","","","","","","","","","","","","","","","","","","","Mojito360, S.L., Jorge Enrique Green Martínez",""
"","","","","","","","","","","","","","","","","","","","","","","","","","","","","Mojito360, S.L., Soporte",""
"","","","","","","","","","","","","","","","","","","","","","","","","","","","","Mojito360, S.L., Álex De María",""
"","","","","","","","","","","","","","","","","","","","","","","","","","","","","","Mojito360, S.L., Jorge Enrique Green Martínez"
"","","","","","","","","","","","","","","","","","","","","","","","","","","","","","Mojito360, S.L., Soporte"
"","","","","","","","","","","","","","","","","","","","","","","","","","","","","","Mojito360, S.L., Álex De María"
"","","❌ Inactiva","","1068","__export__.x_entidad_167_11c6be1f","","2026-01-20 18:07:57","DISAN","DISAN COLOMBIA S.A.S.","Carlos González","10","","","0","Soporte","","0","0","BEMEL S.A.S. - (COLOMBIA)","","Soporte","True","DISAN","2023-12-12 15:23:32","167","","","Mojito360, S.L., Admin","Mojito360, S.L., Admin"
"","","❌ Inactiva","Diaria","1070","__export__.x_entidad_169_279d3a30","","2026-01-20 18:08:14","Just Quality Systems","","Carlos González","10","Producción","","0","Soporte","","0","0","BEMEL S.A.S. - (COLOMBIA)","","Soporte","True","Just Quality Systems","2023-12-12 15:23:48","169","","","Mojito360, S.L., Admin","Mojito360, S.L., Admin"
"","","❌ Inactiva","Diaria","1071","__export__.x_entidad_170_16627f75","","2026-01-20 18:08:25","Grupo Decor","GRUPO DECOR S.A.S.","Carlos González","10","Producción","","0","Soporte","","0","0","BEMEL S.A.S. - (COLOMBIA)","","Soporte","True","Grupo Decor","2023-12-12 15:23:57","170","","","Mojito360, S.L., Admin","Mojito360, S.L., Admin"
"","","❌ Inactiva","Diaria","1072","__export__.x_entidad_171_87665aca","","2026-01-20 18:08:34","Continente","CONTINENTE SAS","Carlos González","10","Producción","","0","Soporte","","0","0","BEMEL S.A.S. - (COLOMBIA)","","Soporte","True","Continente","2023-12-12 15:24:05","171","","","Mojito360, S.L., Admin","Mojito360, S.L., Admin"
"","","❌ Inactiva","","1073","__export__.x_entidad_172_df841ca2","","2026-01-20 18:08:44","Fadesa","","Carlos González","10","Producción","","0","Soporte","","0","0","BEMEL S.A.S. - (COLOMBIA)","","Soporte","True","Fadesa","2023-12-12 15:24:12","172","","","Mojito360, S.L., Admin","Mojito360, S.L., Admin"
"","","❌ Inactiva","","1074","__export__.x_entidad_173_22fa8ca2","","2026-01-20 18:08:54","T Y P Refrigeración","","Carlos González","10","Producción","","0","Soporte","","0","0","BEMEL S.A.S. - (COLOMBIA)","","Soporte","True","T Y P Refrigeración","2023-12-12 15:24:21","173","","","Mojito360, S.L., Admin","Mojito360, S.L., Admin"
"","","❌ Inactiva","","1075","__export__.x_entidad_174_95bea29b","","2026-01-20 18:09:03","Meico","","Carlos González","10","Producción","","0","Soporte","","0","0","BEMEL S.A.S. - (COLOMBIA)","","Soporte","True","Meico","2023-12-12 15:24:29","174","","","Mojito360, S.L., Admin","Mojito360, S.L., Admin"
"","","❌ Inactiva","Diaria","1076","__export__.x_entidad_175_e1c93e56","","2026-01-20 18:09:13","Canpack","CANPACK COLOMBIA S.A.S","Carlos González","10","Producción","","0","Soporte","","0","0","BEMEL S.A.S. - (COLOMBIA)","","Soporte","True","Canpack","2023-12-12 15:24:36","175","","","Mojito360, S.L., Admin","Mojito360, S.L., Admin"
"","","❌ Inactiva","","1077","__export__.x_entidad_176_e6f03a55","","2026-01-20 18:09:22","M Industrias","","Carlos González","10","Producción","","0","Soporte","","0","0","","","Soporte","True","M Industrias","2023-12-12 15:24:45","176","","","Mojito360, S.L., Admin","Mojito360, S.L., Admin"
"","Soporte","✅ Activa","","1078","__export__.x_entidad_177_3b76118d","","2026-01-20 18:09:31","Sidenor Aceros Especiales","","Soporte","10","Producción","","1000","Soporte","","10","14","SIDENOR ACEROS ESPECIALES SL","","Soporte","True","Sidenor Aceros Especiales","2023-12-12 15:24:53","177","","Mensual","Mojito360, S.L., Admin","Mojito360, S.L., Admin"
"","","","","","","","","","","","","","","","","","","","SIDENOR ACEROS ESPECIALES SL, enrique.gonzalez@sidenor.com","","","","","","","","","",""
"","","","","","","","","","","","","","","","","","","","SIDENOR ACEROS ESPECIALES SL, ivan.lozano@sidenor.com","","","","","","","","","",""
"","","❌ Inactiva","","1079","__export__.x_entidad_178_d02523c3","","2026-01-20 18:09:40","Conservas Isabel","","Carlos González","10","Producción","","0","Soporte","","0","0","","","Soporte","True","Conservas Isabel","2023-12-12 15:24:59","178","","","Mojito360, S.L., Admin","Mojito360, S.L., Admin"
"","","❌ Inactiva","Diaria","1080","__export__.x_entidad_179_c76b393d","","2026-01-20 18:09:51","Almacenes Mirna","","Carlos González","10","Test","","0","Soporte","","0","0","","","Soporte","True","Almacenes Mirna","2023-12-12 15:25:08","179","","","Mojito360, S.L., Admin","Mojito360, S.L., Admin"
"Lunes","","❌ Inactiva","Diaria","1081","__export__.x_entidad_180_f2b14c3f","","2026-01-20 18:10:02","Industrias Haceb","INDUSTRIAS HACEB S A","Carlos González","10","","","0","Soporte","","0","7","BEMEL S.A.S. - (COLOMBIA)","","Soporte","True","Industrias Haceb","2023-12-12 15:25:16","180","","","Mojito360, S.L., Admin","Mojito360, S.L., Admin"
"Miércoles","","","","","","","","","","","","","","","","","","","","","","","","","","","","",""
"Viernes","","","","","","","","","","","","","","","","","","","","","","","","","","","","",""
"","","❌ Inactiva","","1083","__export__.x_entidad_182_5780864a","","2026-01-20 18:10:23","Cerámica Italia","","Carlos González","10","Producción","","0","Soporte","","0","0","","","Soporte","True","Cerámica Italia","2023-12-12 15:25:34","182","","","Mojito360, S.L., Admin","Mojito360, S.L., Admin"
"","","❌ Inactiva","","1084","__export__.x_entidad_183_8a974134","","2026-01-20 18:10:32","Productos Químicos Panamericanos","","Carlos González","10","Producción","","0","Soporte","","0","0","","","Soporte","True","Productos Químicos Panamericanos","2023-12-12 15:25:42","183","","","Mojito360, S.L., Admin","Mojito360, S.L., Admin"
"","","❌ Inactiva","","1085","__export__.x_entidad_184_4abb4d1d","","2026-01-20 18:10:42","RB SUPPLIES","","Carlos González","10","Producción","","0","Soporte","","0","0","","","Soporte","True","RB SUPPLIES","2023-12-12 15:25:50","184","","","Mojito360, S.L., Admin","Mojito360, S.L., Admin"
"","","❌ Inactiva","","1086","__export__.x_entidad_185_b818ef60","","2026-01-20 18:10:53","REENCAFE","","Carlos González","10","Producción","","0","Soporte","","0","0","","","Soporte","True","REENCAFE","2023-12-12 15:25:58","185","","","Mojito360, S.L., Admin","Mojito360, S.L., Admin"
"","","❌ Inactiva","Diaria","1087","__export__.x_entidad_186_3536540e","","2026-01-20 18:11:03","DISTRIHOGAR","C.I. DISTRIHOGAR S.A.S","Carlos González","10","Producción","","0","Soporte","","0","0","","","Soporte","True","DISTRIHOGAR","2023-12-12 15:26:08","186","","","Mojito360, S.L., Admin","Mojito360, S.L., Admin"
"","","❌ Inactiva","Diaria","1088","__export__.x_entidad_187_260e8e0a","","2026-01-20 18:11:16","TECNOGLASS","TECNOGLASS S A S","Carlos González","10","Producción","","0","Soporte","","0","0","","","Soporte","True","TECNOGLASS","2023-12-12 15:26:16","187","","","Mojito360, S.L., Admin","Mojito360, S.L., Admin"
"","","❌ Inactiva","","1089","__export__.x_entidad_188_7c1e19d4","","2026-01-20 18:11:25","PEPSICO","","Carlos González","10","Producción","","0","Soporte","","0","0","","","Soporte","True","PEPSICO","2023-12-12 15:26:24","188","","","Mojito360, S.L., Admin","Mojito360, S.L., Admin"
"","","❌ Inactiva","","1090","__export__.x_entidad_189_adf2dcd7","","2026-01-20 18:11:37","PORSCHE","","Carlos González","10","Interna","","0","Soporte","","0","0","","","Soporte","True","PORSCHE","2023-12-12 15:26:34","189","","","Mojito360, S.L., Admin","Mojito360, S.L., Admin"
"","","❌ Inactiva","","1093","__export__.x_entidad_192_66c317a3","","2026-01-20 18:12:05","BSN MEDICAL","","Carlos González","10","Producción","","0","Soporte","","0","0","","","Soporte","True","BSN MEDICAL","2023-12-12 15:26:59","192","","","Mojito360, S.L., Admin","Mojito360, S.L., Admin"
"","","❌ Inactiva","Diaria","1095","__export__.x_entidad_194_bfd08235","","2026-01-20 18:12:22","Todaco","TODACO S A S;TODACO S. A. S.","Carlos González","10","Producción","","0","Soporte","","0","0","","","Soporte","True","Todaco","2023-12-12 15:27:17","194","","","Mojito360, S.L., Admin","Mojito360, S.L., Admin"
"","","❌ Inactiva","","1096","__export__.x_entidad_195_9a79cf56","","2026-01-20 18:12:31","Obiprosa","OBIPROSA COLOMBIA S.A.S","Carlos González","10","","","0","Soporte","","0","0","BEMEL S.A.S. - (COLOMBIA)","","Soporte","True","Obiprosa","2023-12-12 15:27:26","195","","","Mojito360, S.L., Admin","Mojito360, S.L., Admin"
"","","❌ Inactiva","Diaria","1097","__export__.x_entidad_196_71da1f87","","2026-01-20 18:12:41","Partequipos","PARTEQUIPOS S.A.S.;PARTEQUIPOS MAQUINARIA S.A.S","Carlos González","10","Producción","","0","Soporte","","0","0","","","Soporte","True","Partequipos","2023-12-12 15:27:34","196","","","Mojito360, S.L., Admin","Mojito360, S.L., Admin"
"","","❌ Inactiva","","1099","__export__.x_entidad_198_9b329a18","","2026-01-20 18:13:02","Crystal","","Carlos González","10","Producción","","0","Soporte","","0","0","","","Soporte","True","Crystal","2023-12-12 15:27:52","198","","","Mojito360, S.L., Admin","Mojito360, S.L., Admin"
"","","❌ Inactiva","","1100","__export__.x_entidad_199_6133b940","","2026-01-20 18:13:15","NCT Holland (PRO)","","Carlos González","10","Producción","","0","Soporte","","0","0","","","Soporte","True","NCT Holland (PRO)","2023-12-12 15:28:07","199","","","Mojito360, S.L., Admin","Mojito360, S.L., Admin"
"","","❌ Inactiva","","1101","__export__.x_entidad_200_bb3390b9","","2026-01-20 18:13:26","RIMAX","","Carlos González","10","Producción","","0","Soporte","","0","0","","","Soporte","True","RIMAX","2023-12-12 15:28:16","200","","","Mojito360, S.L., Admin","Mojito360, S.L., Admin"
"","","❌ Inactiva","","1102","__export__.x_entidad_201_9519aaa5","","2026-01-20 18:13:36","Navitrans","","Carlos González","10","Producción","","0","Soporte","","0","0","","","Soporte","True","Navitrans","2023-12-12 15:28:23","201","","","Mojito360, S.L., Admin","Mojito360, S.L., Admin"
"","","✅ Activa","","1103","__export__.x_entidad_202_44ef501b","","2026-01-20 18:13:46","Demo carga historico","","Carlos González","10","Interna","","0","Soporte","","0","0","","","Soporte","True","Demo carga historico","2023-12-12 15:28:31","202","","","Mojito360, S.L., Admin","Mojito360, S.L., Admin"
"","","❌ Inactiva","","1104","__export__.x_entidad_203_79c20762","","2026-01-20 18:13:55","Corona","COMPAÑIA COLOMBIANA DE CERAMICA S A S","Carlos González","10","Producción","","0","Soporte","","0","0","","","Soporte","True","Corona","2023-12-12 15:28:40","203","","","Mojito360, S.L., Admin","Mojito360, S.L., Admin"
"","","❌ Inactiva","","1105","__export__.x_entidad_204_b1230434","","2026-01-20 18:14:07","Indufaros","","Carlos González","10","Producción","","0","Soporte","","0","0","","","Soporte","True","Indufaros","2023-12-12 15:28:47","204","","","Mojito360, S.L., Admin","Mojito360, S.L., Admin"
"","","❌ Inactiva","Diaria","1106","__export__.x_entidad_205_049d518c","","2026-01-20 18:14:16","PROTISA & DRYPERS ANDINA","","Carlos González","10","Producción","","0","Soporte","","0","0","","","Soporte","True","PROTISA & DRYPERS ANDINA","2023-12-12 15:28:54","205","","","Mojito360, S.L., Admin","Mojito360, S.L., Admin"
"","","❌ Inactiva","Diaria","1107","__export__.x_entidad_206_5af8b845","","2026-01-20 18:14:25","OPP FILM COLOMBIA SAS","OPP FILM COLOMBIA SAS","Carlos González","10","Producción","","0","Soporte","","0","0","","","Soporte","True","OPP FILM COLOMBIA SAS","2023-12-12 15:29:04","206","","","Mojito360, S.L., Admin","Mojito360, S.L., Admin"
"","","❌ Inactiva","Diaria","1108","__export__.x_entidad_207_7d78758f","","2026-01-20 18:14:37","Auteco","AUTOTECNICA COLOMBIANA S.A.S","Carlos González","10","Producción","","0","Soporte","","0","0","","","Soporte","True","Auteco","2023-12-12 15:29:12","207","","","Mojito360, S.L., Admin","Mojito360, S.L., Admin"
"Lunes","","❌ Inactiva","Diaria","1109","__export__.x_entidad_208_f4b79ee6","","2026-01-20 18:14:46","Soltec Energías Renovables","","Carlos González","10","Producción","","0","Soporte","","0","0","","","Soporte","True","Soltec Energías Renovables","2023-12-12 15:29:21","208","","","Mojito360, S.L., Admin","Mojito360, S.L., Admin"
"Miércoles","","","","","","","","","","","","","","","","","","","","","","","","","","","","",""
"Viernes","","","","","","","","","","","","","","","","","","","","","","","","","","","","",""
"","","❌ Inactiva","Diaria","1110","__export__.x_entidad_209_6ab3c4c8","","2026-01-20 18:14:58","Baterías Willard","BATERIAS WILLARD S.A","Carlos González","10","Producción","","0","Soporte","","0","0","","","Soporte","True","Baterías Willard","2023-12-12 15:29:30","209","","","Mojito360, S.L., Admin","Mojito360, S.L., Admin"
"","","❌ Inactiva","Diaria","1111","__export__.x_entidad_210_e51fa149","","2026-01-20 18:15:09","Kellogg","","Carlos González","10","Test","","0","Soporte","","0","0","","","Soporte","True","Kellogg","2023-12-12 15:29:39","210","","","Mojito360, S.L., Admin","Mojito360, S.L., Admin"
"Martes","","❌ Inactiva","Diaria","1112","__export__.x_entidad_211_aec10e26","","2026-01-20 18:15:18","StepUp Andamios","STEPUP ANDAMIOS MANUFACTURING S.A.S.","Carlos González","10","Producción","","0","Soporte","","0","0","","","Soporte","True","StepUp Andamios","2023-12-12 15:29:48","211","","","Mojito360, S.L., Admin","Mojito360, S.L., Admin"
"Jueves","","","","","","","","","","","","","","","","","","","","","","","","","","","","",""
"","","❌ Inactiva","Diaria","1113","__export__.x_entidad_212_f6951f9f","","2026-01-20 18:15:31","Polikem","POLIKEM S.A.S.","Carlos González","10","","","0","Soporte","","0","0","BEMEL S.A.S. - (COLOMBIA)","","Soporte","True","Polikem","2023-12-12 15:29:57","212","","","Mojito360, S.L., Admin","Mojito360, S.L., Admin"
"","","✅ Activa","","1114","__export__.x_entidad_213_756b575f","","2026-01-20 18:15:40","Demo Terrestre","","Carlos González","10","Interna","","0","Soporte","","0","0","","","Soporte","True","Demo Terrestre","2023-12-12 15:30:07","213","","","Mojito360, S.L., Admin","Mojito360, S.L., Admin"
"","","❌ Inactiva","","1115","__export__.x_entidad_214_86ee3178","","2026-01-20 18:15:49","Test GateHouse - Peñaflor","","Carlos González","10","Test","","0","Soporte","","0","0","","","Soporte","True","Test GateHouse - Peñaflor","2023-12-12 15:30:17","214","","","Mojito360, S.L., Admin","Mojito360, S.L., Admin"
"","","❌ Inactiva","","1116","__export__.x_entidad_215_f81e440d","","2026-01-20 18:15:59","Grupo Familia","","Carlos González","10","Producción","","0","Soporte","","0","0","","","Soporte","True","Grupo Familia","2023-12-12 15:30:26","215","","","Mojito360, S.L., Admin","Mojito360, S.L., Admin"
"Martes","Soporte","✅ Activa","Diaria","1117","__export__.x_entidad_216_0e7ced74","","2026-01-20 18:16:09","Cerámicas y Materiales Castellón S.A.S","CERÁMICAS Y MATERIALES CASTELLÓN S.A.S.; CERAMICAS Y MATERIALES CASTELLON S.A.S.","Soporte","10","Producción","","0","Soporte","","0","0","BEMEL S.A.S. - (COLOMBIA)","","Soporte","True","Cerámicas y Materiales Castellón S.A.S","2023-12-12 15:30:35","216","","","Mojito360, S.L., Admin","Mojito360, S.L., Admin"
"Jueves","","","","","","","","","","","","","","","","","","","","","","","","","","","","",""
"Lunes","Soporte","✅ Activa","","1118","__export__.x_entidad_217_a03acada","","2026-01-20 18:16:28","Retycol","","Soporte","10","Producción","","220","Soporte","","0","0","RETYCOL","","Soporte","True","Retycol","2023-12-12 15:30:45","217","","Trimestral","Mojito360, S.L., Admin","Mojito360, S.L., Admin"
"Miércoles","","","","","","","","","","","","","","","","","","","","","","","","","","","","",""
"Viernes","","","","","","","","","","","","","","","","","","","","","","","","","","","","",""
"","","❌ Inactiva","Diaria","1119","__export__.x_entidad_218_a05e4ff0","","2026-01-20 18:16:39","Cafezam SAS","CAFEZAM SAS","Carlos González","10","Producción","","0","Soporte","","0","0","","","Soporte","True","Cafezam SAS","2023-12-12 15:30:54","218","","","Mojito360, S.L., Admin","Mojito360, S.L., Admin"
"","","✅ Activa","","1120","__export__.x_entidad_219_a6b4b051","","2026-01-20 18:16:47","Smart Polymers","","Carlos González","10","Interna","","0","Soporte","","0","0","","","Soporte","True","Smart Polymers","2023-12-12 15:31:04","219","","","Mojito360, S.L., Admin","Mojito360, S.L., Admin"
"","","✅ Activa","","1121","__export__.x_entidad_220_12f305c1","","2026-01-20 18:16:57","SM Resinas SL","","Carlos González","10","Interna","","0","Soporte","","0","0","","","Soporte","True","SM Resinas SL","2023-12-12 15:31:15","220","","","Mojito360, S.L., Admin","Mojito360, S.L., Admin"
"","","❌ Inactiva","","1123","__export__.x_entidad_221_78901d41","","2026-01-20 18:17:10","Soltec Test","","Carlos González","10","Test","","0","Soporte","","0","0","","","Soporte","True","Soltec Test","2023-12-12 15:31:24","221","","","Mojito360, S.L., Admin","Mojito360, S.L., Admin"
"","Soporte","✅ Activa","","1124","__export__.x_entidad_222_5fe3ceed","","2026-01-20 18:17:20","FGF Trapani","","Soporte","10","Producción","","1200","Soporte","","7","7","FGF TRAPANI","","Soporte","True","FGF Trapani","2023-12-12 15:31:33","222","","Mensual","Mojito360, S.L., Admin","Mojito360, S.L., Admin"
"","","❌ Inactiva","","1125","__export__.x_entidad_223_72293d88","","2026-01-20 18:17:33","AOM SUMINISTROS INDUSTRIALES S.A.C","","Carlos González","10","Producción","","0","Soporte","","0","0","","","Soporte","True","AOM SUMINISTROS INDUSTRIALES S.A.C","2023-12-12 15:31:42","223","","","Mojito360, S.L., Admin","Mojito360, S.L., Admin"
"","","❌ Inactiva","Diaria","1126","__export__.x_entidad_224_0cb33b0e","","2026-01-20 18:17:42","Teka Group","","Carlos González","10","Test","","0","Soporte","","0","0","","","Soporte","True","Teka Group","2023-12-12 15:31:51","224","","","Mojito360, S.L., Admin","Mojito360, S.L., Admin"
"","","❌ Inactiva","Diaria","1127","__export__.x_entidad_225_50ea6ec4","","2026-01-20 18:17:52","Quimi Romar","","Carlos González","10","Test","","0","Soporte","","0","0","","","Soporte","True","Quimi Romar","2023-12-12 15:32:02","225","","","Mojito360, S.L., Admin","Mojito360, S.L., Admin"
"","","❌ Inactiva","","1146","__export__.x_entidad_226_bc01b0dc","","2026-01-20 18:18:03","Tugó","","Carlos González","10","Interna","","0","Soporte","","0","0","","","Soporte","True","Tugó","2023-12-12 15:32:24","226","","","Mojito360, S.L., Admin","Mojito360, S.L., Admin"
"Martes","","❌ Inactiva","Diaria","1148","__export__.x_entidad_228_c823116e","","2026-01-20 18:18:20","CODIFER","CODIFER S.A S","Carlos González","10","Producción","","0","Soporte","","0","0","","","Soporte","True","CODIFER","2023-12-12 15:32:42","228","","","Mojito360, S.L., Admin","Mojito360, S.L., Admin"
"Jueves","","","","","","","","","","","","","","","","","","","","","","","","","","","","",""
"Martes","","❌ Inactiva","Diaria","1149","__export__.x_entidad_229_11c350d3","","2026-01-20 18:18:33","MATHIESEN","MATHIESEN COLOMBIA S . A . S.","Carlos González","10","","","0","Soporte","","0","0","BEMEL S.A.S. - (COLOMBIA)","","Soporte","True","MATHIESEN","2023-12-12 15:32:50","229","","","Mojito360, S.L., Admin","Mojito360, S.L., Admin"
"Jueves","","","","","","","","","","","","","","","","","","","","","","","","","","","","",""
"","","❌ Inactiva","Diaria","1150","__export__.x_entidad_230_6e250267","","2026-01-20 18:18:49","ARKOS","ARKOS SISTEMAS ARQUITECTONICOS S.A.","Carlos González","10","Producción","","0","Soporte","","0","0","","","Soporte","True","ARKOS","2023-12-12 15:32:59","230","","","Mojito360, S.L., Admin","Mojito360, S.L., Admin"
"Martes","","❌ Inactiva","Diaria","1151","__export__.x_entidad_231_9ae9e518","","2026-01-20 18:18:58","ETERNA","ETERNA S A","Carlos González","10","","","0","Soporte","","0","0","BEMEL S.A.S. - (COLOMBIA)","","Soporte","True","ETERNA","2023-12-12 15:33:10","231","","","Mojito360, S.L., Admin","Mojito360, S.L., Admin"
"Jueves","","","","","","","","","","","","","","","","","","","","","","","","","","","","",""
"Martes","","❌ Inactiva","Diaria","1152","__export__.x_entidad_232_2f58e04c","","2026-01-20 18:19:08","PROTELA","PROTELA S A","Carlos González","10","Producción","","0","Soporte","","0","0","","","Soporte","True","PROTELA","2023-12-12 15:33:19","232","","","Mojito360, S.L., Admin","Mojito360, S.L., Admin"
"Jueves","","","","","","","","","","","","","","","","","","","","","","","","","","","","",""
"","","✅ Activa","","1153","__export__.x_entidad_233_a18f7f63","","2026-01-20 18:19:19","Soporte Mojito360","","Carlos González","10","Interna","","0","Soporte","","0","0","","","Soporte","True","Soporte Mojito360","2023-12-12 15:33:27","233","","","Mojito360, S.L., Admin","Mojito360, S.L., Admin"
"","","❌ Inactiva","Diaria","1156","__export__.x_entidad_234_764e872d","","2026-01-20 18:19:31","BUILDER COMMERCE","","Carlos González","10","Test","","0","Soporte","","0","0","","","Soporte","True","BUILDER COMMERCE","2023-12-12 15:33:37","234","","","Mojito360, S.L., Admin","Mojito360, S.L., Admin"
"Martes","","❌ Inactiva","Diaria","1157","__export__.x_entidad_235_73330e05","","2026-01-20 18:19:40","Muebles Jamar SA","MUEBLES JAMAR S.A.","Carlos González","10","Producción","","0","Soporte","","0","0","","","Soporte","True","Muebles Jamar SA","2023-12-12 15:33:45","235","","","Mojito360, S.L., Admin","Mojito360, S.L., Admin"
"Jueves","","","","","","","","","","","","","","","","","","","","","","","","","","","","",""
"","","❌ Inactiva","","1158","__export__.x_entidad_236_2e0e0588","","2026-01-20 18:19:51","Soltec Pruba integracion","","Carlos González","10","Interna","","0","Soporte","","0","0","","","Soporte","True","Soltec Pruba integracion","2023-12-12 15:33:56","236","","","Mojito360, S.L., Admin","Mojito360, S.L., Admin"
"","","✅ Activa","","1159","__export__.x_entidad_237_c7e7b261","","2026-01-20 18:20:01","Citri&Co Demo","","Carlos González","10","Interna","","0","Soporte","","0","0","CÍTRICO GLOBAL SL","","Soporte","True","Citri&Co Demo","2023-12-12 15:34:05","237","","","Mojito360, S.L., Admin","Mojito360, S.L., Admin"
"","","❌ Inactiva","","1160","__export__.x_entidad_238_7ededb7e","","2026-01-20 18:20:10","GABRIEL DE COLOMBIA SA","GABRIEL DE COLOMBIA S.A.","Carlos González","10","Producción","","0","Soporte","","0","0","","","Soporte","True","GABRIEL DE COLOMBIA SA","2023-12-12 15:34:13","238","","","Mojito360, S.L., Admin","Mojito360, S.L., Admin"
"","","❌ Inactiva","","1161","__export__.x_entidad_239_9d9886db","","2026-01-20 18:20:22","Pruebas Seaboard","","Carlos González","10","Interna","","0","Soporte","","0","0","","","Soporte","True","Pruebas Seaboard","2023-12-12 15:34:23","239","","","Mojito360, S.L., Admin","Mojito360, S.L., Admin"
"Lunes","","❌ Inactiva","Diaria","1162","__export__.x_entidad_240_deedd10c","","2026-01-20 18:20:31","Concha y Toro","","Carlos González","10","Producción","","0","Soporte","","0","0","Mojito360, S.L., Álex Benavent","","Soporte","True","Concha y Toro","2023-12-12 15:34:32","240","","","Mojito360, S.L., Admin","Mojito360, S.L., Admin"
"Martes","","","","","","","","","","","","","","","","","","","","","","","","","","","","",""
"Jueves","","","","","","","","","","","","","","","","","","","","","","","","","","","","",""
"Viernes","","","","","","","","","","","","","","","","","","","","","","","","","","","","",""
"Martes","","❌ Inactiva","Diaria","1163","__export__.x_entidad_241_caeb39bb","","2026-01-20 18:20:40","Crown Colombiana S.A","CROWN COLOMBIANA S.A.","Carlos González","10","Producción","","0","Soporte","","0","0","","","Soporte","True","Crown Colombiana S.A","2023-12-12 15:34:41","241","","","Mojito360, S.L., Admin","Mojito360, S.L., Admin"
"Jueves","","","","","","","","","","","","","","","","","","","","","","","","","","","","",""
"","","✅ Activa","","1164","__export__.x_entidad_242_de48a080","","2026-01-20 18:20:49","SeaboardTesting","","Carlos González","10","Interna","","0","Soporte","","0","0","","","Soporte","True","SeaboardTesting","2023-12-12 15:34:51","242","","","Mojito360, S.L., Admin","Mojito360, S.L., Admin"
"","","❌ Inactiva","Diaria","1165","__export__.x_entidad_243_c41b0882","","2026-01-20 18:20:59","Modatrading","","Carlos González","10","Test","","0","Soporte","","0","0","","","Soporte","True","Modatrading","2023-12-12 15:34:59","243","","","Mojito360, S.L., Admin","Mojito360, S.L., Admin"
"","","❌ Inactiva","","1166","__export__.x_entidad_244_764159c8","","2026-01-20 18:21:08","NOVAL PROPERTIES","","Carlos González","10","Test","","0","Soporte","","0","0","NOVAL PROPERTIES NOVAL PROPERTIES","","Soporte","True","NOVAL PROPERTIES","2023-12-12 15:35:08","244","","","Mojito360, S.L., Admin","Mojito360, S.L., Admin"
"","","❌ Inactiva","","1167","__export__.x_entidad_245_04f6b31d","","2026-01-20 18:21:18","Grupo Jorge","","Carlos González","10","Test","","0","Soporte","","0","0","","","Soporte","True","Grupo Jorge","2023-12-12 15:35:17","245","","","Mojito360, S.L., Admin","Mojito360, S.L., Admin"
"Miércoles","","✅ Activa","Diaria","1168","__export__.x_entidad_246_3dfa41e4","","2026-01-20 18:21:29","NEXTRACKER","","Carlos González","10","Test","","0","Soporte","","0","0","","","Soporte","True","NEXTRACKER","2023-12-12 15:35:25","246","","","Mojito360, S.L., Admin","Mojito360, S.L., Admin"
"","","✅ Activa","","1169","__export__.x_entidad_247_56d589c9","","2026-01-20 18:21:47","NOVAL DEMO","","Carlos González","10","Interna","","0","Soporte","","0","0","NOVAL PROPERTIES NOVAL PROPERTIES","","Soporte","True","NOVAL DEMO","2023-12-12 15:35:35","247","","","Mojito360, S.L., Admin","Mojito360, S.L., Admin"
"","Marina Sacchi","✅ Activa","Diaria","1170","__export__.x_entidad_248_45f924f4","","2026-01-20 18:21:57","HBS-DELLI DE MEXICO SA DE CV","","Marina Sacchi","10","Producción","","0","Soporte","","0","0","TIBA MEXICO SA DE CV","","Soporte","True","HBS-DELLI DE MEXICO SA DE CV","2023-12-12 15:35:45","248","","","Mojito360, S.L., Admin","Mojito360, S.L., Admin"
"","","❌ Inactiva","Diaria","1171","__export__.x_entidad_249_bf36b05e","","2026-01-20 18:22:05","Macao Alto Resort SAS","","Carlos González","10","Test","","0","Soporte","","0","0","","","Soporte","True","Macao Alto Resort SAS","2023-12-12 15:35:54","249","","","Mojito360, S.L., Admin","Mojito360, S.L., Admin"
"Martes","","✅ Activa","Diaria","1174","__export__.x_entidad_251_b700f3e9","","2026-01-20 18:22:35","BEST INGREDIENTS MEXICO SA","","Carlos González","10","Test","","0","Soporte","","0","0","","","Soporte","True","BEST INGREDIENTS MEXICO SA","2023-12-12 15:55:04","251","","","Mojito360, S.L., Admin","Mojito360, S.L., Admin"
"Jueves","","","","","","","","","","","","","","","","","","","","","","","","","","","","",""
"","","❌ Inactiva","Diaria","1175","__export__.x_entidad_252_7d437031","","2026-01-20 18:22:46","RYMEL INGENIERIA ELECTRICA S . A . S","RYMEL INGENIERIA ELECTRICA S . A . S .;RYMEL INGENIERIA ELECTRICA S . A . S .;RYMEL INGENIERIA ELECTRICA  S . A . S .","Carlos González","10","Producción","","0","Soporte","","0","0","","","Soporte","True","RYMEL INGENIERIA ELECTRICA S . A . S","2023-12-12 15:55:12","252","","","Mojito360, S.L., Admin","Mojito360, S.L., Admin"
"","","❌ Inactiva","","1176","__export__.x_entidad_253_1cb36fd4","","2026-01-20 18:22:54","Avante Llantas","","Carlos González","10","Test","","0","Soporte","","0","0","","","Soporte","True","Avante Llantas","2023-12-12 15:55:21","253","","","Mojito360, S.L., Admin","Mojito360, S.L., Admin"
"Martes","","❌ Inactiva","Diaria","1177","__export__.x_entidad_254_53889659","","2026-01-20 18:23:02","DURESPO S.A","DURESPO S. A.","Carlos González","10","","","0","Soporte","","0","0","BEMEL S.A.S. - (COLOMBIA)","","Soporte","True","DURESPO S.A","2023-12-12 15:55:29","254","","","Mojito360, S.L., Admin","Mojito360, S.L., Admin"
"Jueves","","","","","","","","","","","","","","","","","","","","","","","","","","","","",""
"","","❌ Inactiva","","1178","__export__.x_entidad_255_6a586bd5","","2026-01-20 18:23:11","NA","","Carlos González","10","Interna","","0","Soporte","","0","0","","","Soporte","True","NA","2023-12-12 15:55:37","255","","","Mojito360, S.L., Admin","Mojito360, S.L., Admin"
"","","❌ Inactiva","","1180","__export__.x_entidad_257_a29696c9","","2026-01-20 18:23:28","Rebujito CrSanchez","","Carlos González","10","Interna","","0","Soporte","","0","0","","","Soporte","True","Rebujito CrSanchez","2023-12-12 15:55:52","257","","","Mojito360, S.L., Admin","Mojito360, S.L., Admin"
"","","❌ Inactiva","","1181","__export__.x_entidad_258_325edb85","","2026-01-20 18:23:36","Investors","","Carlos González","10","Interna","","0","Soporte","","0","0","","","Soporte","True","Investors","2023-12-12 15:56:03","258","","","Mojito360, S.L., Admin","Mojito360, S.L., Admin"
"","","✅ Activa","","1182","__export__.x_entidad_259_4bd1eca4","","2026-01-20 18:23:45","SAMAIPATA","","Carlos González","10","Interna","","0","Soporte","","0","0","","","Soporte","True","SAMAIPATA","2023-12-12 15:56:10","259","","","Mojito360, S.L., Admin","Mojito360, S.L., Admin"
"","","❌ Inactiva","Diaria","1183","__export__.x_entidad_260_accadda0","","2026-01-20 18:23:55","Raloy","","Carlos González","10","Test","","0","Soporte","","0","0","","","Soporte","True","Raloy","2023-12-12 15:56:18","260","","","Mojito360, S.L., Admin","Mojito360, S.L., Admin"
"","","❌ Inactiva","","1184","__export__.x_entidad_261_00858e2d","","2026-01-20 18:24:04","TIBA SOLAR","","Carlos González","10","Test","","0","Soporte","","0","0","","","Soporte","True","TIBA SOLAR","2023-12-12 15:56:25","261","","","Mojito360, S.L., Admin","Mojito360, S.L., Admin"
"","","❌ Inactiva","","1186","__export__.x_entidad_262_e0a2156a","","2026-01-20 18:24:14","TestRuben","","Carlos González","10","Interna","","0","Soporte","","0","0","","","Soporte","True","TestRuben","2023-12-12 15:56:33","262","","","Mojito360, S.L., Admin","Mojito360, S.L., Admin"
"Martes","Soporte","✅ Activa","Diaria","1187","__export__.x_entidad_263_3a47be80","","2026-01-20 18:24:22","SUPERPOLO S.A.S","SUPERPOLO S.A.S.","Soporte","10","Producción","","0","Soporte","","0","0","BEMEL S.A.S. - (COLOMBIA)","","Soporte","True","SUPERPOLO S.A.S","2023-12-12 15:56:40","263","","","Mojito360, S.L., Admin","Mojito360, S.L., Admin"
"Jueves","","","","","","","","","","","","","","","","","","","","","","","","","","","","",""
"","","❌ Inactiva","","1188","__export__.x_entidad_264_3c6d5f56","","2026-01-20 18:24:33","Procter & Gamble","","Carlos González","10","Test","","0","Soporte","","0","0","","","Soporte","True","Procter & Gamble","2023-12-12 15:56:49","264","","","Mojito360, S.L., Admin","Mojito360, S.L., Admin"
"","","✅ Activa","","1189","__export__.x_entidad_265_fe8568b6","","2026-01-20 18:24:44","TIBA SOLAR NUEVA","","Carlos González","10","Producción","","0","Soporte","","0","0","","","Soporte","True","TIBA SOLAR NUEVA","2023-12-12 15:56:58","265","","","Mojito360, S.L., Admin","Mojito360, S.L., Admin"
"","","","","","","","","","","","","","","","","","","","","","","","","","","","","Mojito360, S.L., Jorge Enrique Green Martínez",""
"","","","","","","","","","","","","","","","","","","","","","","","","","","","","","Mojito360, S.L., Jorge Enrique Green Martínez"
"","","❌ Inactiva","","1190","__export__.x_entidad_266_2f9d07d8","","2026-01-20 18:24:55","TIBA SOLAR- MARITIMO","","Carlos González","10","Interna","","0","Soporte","","0","0","","","Soporte","True","TIBA SOLAR- MARITIMO","2023-12-12 15:57:06","266","","","Mojito360, S.L., Admin","Mojito360, S.L., Admin"
"Lunes","","❌ Inactiva","","1192","__export__.x_entidad_268_601679e3","","2026-01-20 18:25:15","Desdelsur","","Carlos González","10","","","0","Soporte","","0","0","","","Soporte","True","Desdelsur","2023-12-12 15:57:26","268","","","Mojito360, S.L., Admin","Mojito360, S.L., Admin"
"Martes","","","","","","","","","","","","","","","","","","","","","","","","","","","","",""
"Miércoles","","","","","","","","","","","","","","","","","","","","","","","","","","","","",""
"Jueves","","","","","","","","","","","","","","","","","","","","","","","","","","","","",""
"Viernes","","","","","","","","","","","","","","","","","","","","","","","","","","","","",""
"","Soporte","✅ Activa","Diaria","1193","__export__.x_entidad_269_eca3e6bb","","2026-01-20 18:25:27","Empresas CEC","","Soporte","10","Producción","","0","Soporte","","0","0","Mitcheel Carpio","","Soporte","True","Empresas CEC","2023-12-12 15:57:36","269","True","","Mojito360, S.L., Admin","Mojito360, S.L., Admin"
"","","","","","","","","","","","","","","","","","","","","","","","","","","","","Mojito360, S.L., Soporte",""
"","","","","","","","","","","","","","","","","","","","","","","","","","","","","Mojito360, S.L., Marina Sacchi",""
"","","","","","","","","","","","","","","","","","","","","","","","","","","","","","Mojito360, S.L., Soporte"
"","","","","","","","","","","","","","","","","","","","","","","","","","","","","","Mojito360, S.L., Marina Sacchi"
"","","❌ Inactiva","","33","__export__.x_entidad_1653_a8c2727e","","2026-01-20 18:01:53","NO USAR - Grupo Peñaflor","","","10","Interna","","0","Soporte","","0","0","","","Soporte","True","NO USAR - Grupo Peñaflor","2024-01-18 21:22:38","1653","","","Mojito360, S.L., Admin","Mojito360, S.L., Admin"
"","","❌ Inactiva","","1069","__export__.x_entidad_1654_8c37a207","","2026-01-20 18:08:05","DISAN","","","10","","","0","Soporte","","0","0","","","Soporte","True","DISAN","2024-01-18 21:34:21","1654","","","Mojito360, S.L., Admin","Mojito360, S.L., Admin"
"","","❌ Inactiva","","1082","__export__.x_entidad_1655_eab8fe09","","2026-01-20 18:10:11","Citrusvil","","","10","","","0","Soporte","","0","0","","","Soporte","True","Citrusvil","2024-01-18 21:36:51","1655","","","Mojito360, S.L., Admin","Mojito360, S.L., Admin"
"","","❌ Inactiva","","1091","__export__.x_entidad_1656_68d8e4b2","","2026-01-20 18:11:47","PORSCHE","","","10","","","0","Soporte","","0","0","","","Soporte","True","PORSCHE","2024-01-18 21:38:32","1656","","","Mojito360, S.L., Admin","Mojito360, S.L., Admin"
"","","❌ Inactiva","","1092","__export__.x_entidad_1657_d6d6c0fe","","2026-01-20 18:11:55","PEPSICO","","","10","","","0","Soporte","","0","0","","","Soporte","True","PEPSICO","2024-01-18 21:38:42","1657","","","Mojito360, S.L., Admin","Mojito360, S.L., Admin"
"","","❌ Inactiva","","1094","__export__.x_entidad_1658_01cb1276","","2026-01-20 18:12:13","Fanalca","","","10","","","0","Soporte","","0","0","","","Soporte","True","Fanalca","2024-01-18 21:39:16","1658","","","Mojito360, S.L., Admin","Mojito360, S.L., Admin"
"","","❌ Inactiva","","1098","__export__.x_entidad_1659_9ad76203","","2026-01-20 18:12:51","Obiprosa","","","10","","","0","Soporte","","0","0","","","Soporte","True","Obiprosa","2024-01-18 21:39:58","1659","","","Mojito360, S.L., Admin","Mojito360, S.L., Admin"
"","","❌ Inactiva","","1147","__export__.x_entidad_1660_911603b8","","2026-01-20 18:18:12","Tugó","","","10","","","0","Soporte","","0","0","","","Soporte","True","Tugó","2024-01-18 21:46:45","1660","","","Mojito360, S.L., Admin","Mojito360, S.L., Admin"
"","","❌ Inactiva","","1172","__export__.x_entidad_1661_018eac62","","2026-01-20 18:22:16","Mido, Mármol y Granito","","","10","","","0","Soporte","","0","0","","","Soporte","True","Mido, Mármol y Granito","2024-01-18 21:53:48","1661","","","Mojito360, S.L., Admin","Mojito360, S.L., Admin"
"","Soporte","✅ Activa","","1173","__export__.x_entidad_1662_b3eb279d","","2026-01-20 18:22:24","NOVAL PROPERTIES","","","10","Producción","","0","Soporte","","7","7","NOVAL PROPERTIES NOVAL PROPERTIES","","Soporte","True","NOVAL PROPERTIES","2024-01-18 21:53:58","1662","","Mensual","Mojito360, S.L., Admin","Mojito360, S.L., Admin"
"","","","","","","","","","","","","","","","","","","","","","","","","","","","","Mojito360, S.L., Soporte",""
"","","","","","","","","","","","","","","","","","","","","","","","","","","","","","Mojito360, S.L., Soporte"
"","","❌ Inactiva","","1179","__export__.x_entidad_1663_d75c27f0","","2026-01-20 18:23:19","NA","","","10","","","0","Soporte","","0","0","","","Soporte","True","NA","2024-01-18 21:55:32","1663","","","Mojito360, S.L., Admin","Mojito360, S.L., Admin"
"","","✅ Activa","","1194","__export__.x_entidad_1664_61cd1edb","","2026-01-20 18:25:35","Demo Josep","","","10","Interna","","0","Soporte","","0","0","Mojito360, S.L., Álex Benavent","","Soporte","True","Demo Josep","2024-01-18 22:01:38","1664","","","Mojito360, S.L., Admin","Mojito360, S.L., Admin"
"","","✅ Activa","","1195","__export__.x_entidad_1665_b47c6234","","2026-01-20 18:25:45","SupportWimtruck","","","10","Interna","","0","Soporte","","0","0","","","Soporte","True","SupportWimtruck","2024-01-18 22:01:50","1665","","","Mojito360, S.L., Admin","Mojito360, S.L., Admin"
"","","❌ Inactiva","","1197","__export__.x_entidad_1666_9ad873fd","","2026-01-20 18:25:55","O-tek Central S.A.S","O-TEK CENTRAL S.A.S.","","10","","","0","Soporte","","0","0","","","Soporte","True","O-tek Central S.A.S","2024-01-18 22:02:06","1666","","","Mojito360, S.L., Admin","Mojito360, S.L., Admin"
"","Alberto Pertusa Ros","❌ Inactiva","","0","__export__.x_entidad_1667_45077e62","","2025-11-20 17:52:30","Wimtruck","","","10","Interna","","0","Soporte","","0","0","","","Soporte","True","Wimtruck","2024-01-26 14:35:27","1667","","","Mojito360, S.L., Admin","Mojito360, S.L., Admin"
"","","❌ Inactiva","","1198","__export__.x_entidad_1668_0de5c920","","2026-01-20 18:26:05","LATEXPORT","LATEXPORT S.A.S.","","10","Producción","","0","Soporte","","0","0","BEMEL S.A.S. - (COLOMBIA)","","Soporte","True","LATEXPORT","2024-01-26 15:29:39","1668","","","Mojito360, S.L., Carlos González","Mojito360, S.L., Carlos González"
"","","✅ Activa","","1199","__export__.x_entidad_1669_45fad050","","2026-01-20 18:26:14","Loewe PRE Int","","","10","Interna","","0","Soporte","","0","0","LOEWE","","Soporte","True","Loewe PRE Int","2024-01-29 10:51:46","1669","","","Mojito360, S.L., Admin","Mojito360, S.L., Admin"
"","","✅ Activa","Diaria","1200","__export__.x_entidad_1670_160f4992","","2026-01-20 18:26:24","Loewe trackers","Loewe","Carlos González","10","Producción","","0","Soporte","","0","0","LOEWE","","Soporte","True","Loewe trackers","2024-01-29 18:40:44","1670","","","Mojito360, S.L., Admin","Mojito360, S.L., Admin"
"","","✅ Activa","","1201","__export__.x_entidad_1671_6782534d","","2026-01-20 18:26:33","NEXTRACKER NUEVA","","","10","Test","","0","Soporte","","0","0","","","Soporte","True","NEXTRACKER NUEVA","2024-02-06 10:44:09","1671","","","Mojito360, S.L., Admin","Mojito360, S.L., Admin"
"","Marina Sacchi","✅ Activa","","1202","__export__.x_entidad_1672_f61ed439","","2026-01-20 18:26:43","LOEWE","","","10","Producción","","0","Soporte","","0","0","LOEWE","","Soporte","True","LOEWE","2024-02-12 18:38:04","1672","","","Mojito360, S.L., Admin","Mojito360, S.L., Admin"
"","","❌ Inactiva","","1203","__export__.x_entidad_1673_8184fa9c","","2026-01-20 18:26:53","Gonvarri","","","10","Test","","0","Soporte","","0","0","","","Soporte","True","Gonvarri","2024-02-16 18:38:53","1673","","","Mojito360, S.L., Admin","Mojito360, S.L., Admin"
"Lunes","","❌ Inactiva","Diaria","1204","__export__.x_entidad_1674_ef05ca6c","","2026-01-20 18:27:02","FRIOMIX DEL CAUCA S.A.S.","FRIOMIX DEL CAUCA S.A.S.","Carlos González","10","Producción","","0","Soporte","","0","0","","","Soporte","True","FRIOMIX DEL CAUCA S.A.S.","2024-03-09 03:39:12","1674","","","Mojito360, S.L., Carlos González","Mojito360, S.L., Carlos González"
"Miércoles","","","","","","","","","","","","","","","","","","","","","","","","","","","","",""
"Viernes","","","","","","","","","","","","","","","","","","","","","","","","","","","","",""
"","Soporte","✅ Activa","Semanal","1205","__export__.x_entidad_1675_56a5a5d4","","2026-01-20 18:27:12","Emuca","Emuca","Soporte","10","Producción","","0","Soporte","","0","30","EMUCA S.A","","Soporte","True","Emuca","2024-03-11 17:26:58","1675","","","Usuario de pruebas (ex-Julia Rojo)","Usuario de pruebas (ex-Julia Rojo)"
"","","❌ Inactiva","","1206","__export__.x_entidad_1676_389acf9f","","2026-01-20 18:27:24","APYMSA","","","10","Test","","0","Soporte","","0","0","","","Soporte","True","APYMSA","2024-03-13 18:30:48","1676","","","Mojito360, S.L., Admin","Mojito360, S.L., Admin"
"","","❌ Inactiva","","1191","__export__.x_entidad_1677_60b8a5c7","","2026-01-20 18:25:04","Saint Gobain Colombia SA","Saing Gobain Colombia SA","","10","Producción","","0","Soporte","","0","0","Saint-Gobain Colombia SAS","","Soporte","True","Saint Gobain Colombia SA","2024-03-18 11:46:16","1677","","","Usuario de pruebas (ex-Julia Rojo)","Usuario de pruebas (ex-Julia Rojo)"
"","","❌ Inactiva","","1208","__export__.x_entidad_1678_3637f323","","2026-01-20 18:27:33","Saint Gobain","","","10","","","0","Soporte","","0","0","Saint-Gobain Colombia SAS","","Soporte","True","Saint Gobain","2024-03-18 18:35:12","1678","","","Mojito360, S.L., Admin","Mojito360, S.L., Admin"
"","","❌ Inactiva","","1209","__export__.x_entidad_1679_1680863f","","2026-01-20 18:27:43","Saint Gobain","","","10","","","0","Soporte","","0","0","Saint-Gobain Colombia SAS","","Soporte","True","Saint Gobain","2024-03-18 18:35:21","1679","","","Mojito360, S.L., Admin","Mojito360, S.L., Admin"
"","Marina Sacchi","✅ Activa","","1215","__export__.x_entidad_1680_eb00be33","AGRITECNO- Victoria Martínez Domingo, Victoria Martinez Domingo","2026-01-20 18:28:39","AgriTecno","AgriTecno","","10","Producción","","0","Soporte","","6","1","AGRITECNO","","Soporte","True","AgriTecno","2024-05-06 11:40:12","1680","","","Usuario de pruebas (ex-Julia Rojo)","Usuario de pruebas (ex-Julia Rojo)"
"","Soporte","✅ Activa","","1210","__export__.x_entidad_1681_590e7d31","","2026-01-20 18:27:51","Saint Gobain Colombia SA","","","10","Producción","","500","Soporte","","0","7","Saint-Gobain Colombia SAS","","Soporte","True","Saint Gobain Colombia SA","2024-05-09 11:34:39","1681","True","","Mojito360, S.L., Admin","Mojito360, S.L., Admin"
"","","❌ Inactiva","","1211","__export__.x_entidad_1682_470c4ca1","","2026-01-20 18:28:01","OCATI","","","10","Producción","","0","Soporte","","0","0","OCATI S.A.","","Soporte","True","OCATI","2024-05-09 11:34:48","1682","","","Mojito360, S.L., Admin","Mojito360, S.L., Admin"
"","","❌ Inactiva","","1212","__export__.x_entidad_1683_989807fb","","2026-01-20 18:28:11","Grupo Nueva Pescanova","","","10","Test","","0","Soporte","","0","0","","","Soporte","True","Grupo Nueva Pescanova","2024-05-09 11:34:57","1683","","","Mojito360, S.L., Admin","Mojito360, S.L., Admin"
"","","❌ Inactiva","","1213","__export__.x_entidad_1684_084a1d6a","","2026-01-20 18:28:20","Grupo Nueva Pescanova ELIMINAR","","","10","","","0","Soporte","","0","0","","","Soporte","True","Grupo Nueva Pescanova ELIMINAR","2024-05-09 11:35:06","1684","","","Mojito360, S.L., Admin","Mojito360, S.L., Admin"
"","","❌ Inactiva","","1214","__export__.x_entidad_1685_8d794180","","2026-01-20 18:28:30","Grupo Nueva Pescanova ELIMINAR 2","","","10","","","0","Soporte","","0","0","","","Soporte","True","Grupo Nueva Pescanova ELIMINAR 2","2024-05-09 11:35:15","1685","","","Mojito360, S.L., Admin","Mojito360, S.L., Admin"
"","Soporte","✅ Activa","","1216","__export__.x_entidad_1686_9c3ffe5b","","2026-01-20 18:28:49","Iturri","Iturri","","10","Producción","","0","Soporte","","0","10","ITURRI S.A.","","Soporte","True","Iturri","2024-05-10 08:03:20","1686","True","","Usuario de pruebas (ex-Julia Rojo)","Usuario de pruebas (ex-Julia Rojo)"
"","Soporte","✅ Activa","","1217","__export__.x_entidad_1687_6072617e","","2026-01-20 18:28:57","KNAUF DE COLOMBIA S.A.S.","KNAUF DE COLOMBIA S.A.S.","","10","Producción","","0","Soporte","","0","0","BEMEL S.A.S. - (COLOMBIA)","","Soporte","True","KNAUF DE COLOMBIA S.A.S.","2024-05-13 11:26:07","1687","","","Mojito360, S.L., Admin","Mojito360, S.L., Admin"
"","","❌ Inactiva","","1218","__export__.x_entidad_1688_10fca416","","2026-01-20 18:29:08","ALE HOP","","","10","Test","","0","Soporte","","0","0","ALE-HOP, Nuria Osa","","Soporte","True","ALE HOP","2024-05-20 11:24:40","1688","","","Mojito360, S.L., Admin","Mojito360, S.L., Admin"
"","","❌ Inactiva","","1219","__export__.x_entidad_1689_292bcb0b","","2026-01-20 18:29:18","CON-TEKS IC VE DIS TIC A.S","","","10","","","0","Soporte","","0","0","","","Soporte","True","CON-TEKS IC VE DIS TIC A.S","2024-06-03 11:26:25","1689","","","Mojito360, S.L., Admin","Mojito360, S.L., Admin"
"","","❌ Inactiva","","1220","__export__.x_entidad_1690_73400569","","2026-01-20 18:29:26","Agricola Famosa","","","10","","","0","Soporte","","0","0","","","Soporte","True","Agricola Famosa","2024-06-20 19:20:16","1690","","","Mojito360, S.L., Admin","Mojito360, S.L., Admin"
"","","✅ Activa","","","__export__.x_entidad_1691_eaddf978","","2025-11-20 17:44:45","WIMTRUCK TIBA","","","10","Producción","","0","Soporte","","0","0","","","Soporte","True","WIMTRUCK TIBA","2024-07-11 13:50:35","1691","","","Mojito360, S.L., Admin","Mojito360, S.L., Admin"
"","","✅ Activa","","","__export__.x_entidad_1692_68c9c155","","2025-11-20 16:43:26","WIMTRUCK COSCO","","","10","Producción","","0","Soporte","","0","0","","","Soporte","True","WIMTRUCK COSCO","2024-07-11 13:50:38","1692","","","Mojito360, S.L., Admin","Mojito360, S.L., Admin"
"","","❌ Inactiva","","1221","__export__.x_entidad_1693_27944f46","","2026-01-20 18:29:36","Luppa Solutions","","","10","","","0","Soporte","","0","0","","","Soporte","True","Luppa Solutions","2024-07-17 11:48:58","1693","","","Mojito360, S.L., Admin","Mojito360, S.L., Admin"
"","","✅ Activa","","1222","__export__.x_entidad_1694_d911612e","","2026-01-20 18:29:45","DEMO Web","","","10","Test","","0","Soporte","","0","0","","","Soporte","True","DEMO Web","2024-07-17 11:49:06","1694","True","","Mojito360, S.L., Admin","Mojito360, S.L., Admin"
"","","✅ Activa","","1223","__export__.x_entidad_1695_b9bbf972","","2026-01-20 18:29:53","Reporting Mojito360","","","10","Interna","","0","Soporte","","0","0","","","Soporte","True","Reporting Mojito360","2024-07-17 11:49:14","1695","","","Mojito360, S.L., Admin","Mojito360, S.L., Admin"
"","","❌ Inactiva","","1224","__export__.x_entidad_1696_b6d5b1a4","","2026-01-20 18:30:03","Mucho Cartucho","","","10","Test","","0","Soporte","","0","0","","","Soporte","True","Mucho Cartucho","2024-07-24 19:23:10","1696","","","Mojito360, S.L., Admin","Mojito360, S.L., Admin"
"","Soporte","✅ Activa","","1227","__export__.x_entidad_1697_631d4bf3","","2026-01-20 18:30:18","SALVI","","","10","Producción","","0","Soporte","","15","15","Salvi Lighting Systems","","Soporte","True","SALVI","2024-08-05 12:12:16","1697","","","Mojito360, S.L., Admin","Mojito360, S.L., Admin"
"","","","","","","","","","","","","","","","","","","","","","","","","","","","","Mojito360, S.L., Soporte",""
"","","","","","","","","","","","","","","","","","","","","","","","","","","","","","Mojito360, S.L., Soporte"
"","","❌ Inactiva","","1228","__export__.x_entidad_1698_4425585e","","2026-01-20 18:30:27","PPG","","","10","","","0","Soporte","","0","0","","","Soporte","True","PPG","2024-08-09 19:23:05","1698","","","Mojito360, S.L., Admin","Mojito360, S.L., Admin"
"","","❌ Inactiva","","1229","__export__.x_entidad_1699_c414e8db","","2026-01-20 18:30:36","HAYAT","","","10","","","0","Soporte","","0","0","","","Soporte","True","HAYAT","2024-09-09 11:32:15","1699","","","Mojito360, S.L., Admin","Mojito360, S.L., Admin"
"","","❌ Inactiva","","1230","__export__.x_entidad_1700_e63bc032","","2026-01-20 18:30:46","Cotransa","","","10","","","0","Soporte","","0","0","","","Soporte","True","Cotransa","2024-09-27 19:26:12","1700","","","Mojito360, S.L., Admin","Mojito360, S.L., Admin"
"","Soporte","✅ Activa","","1231","__export__.x_entidad_1701_a40487f6","","2026-01-20 18:30:54","EPSA","","","10","Producción","","0","Soporte","<p>Empresa de aditivos alimentarios. Gestionan mayormente importaciones.</p><p>Equipo:</p><p><span class=""oe-tabs"" style=""width: 40px; tab-size: 40px;"">	</span>​Pablo Peña: Director comercial</p><p><span class=""oe-tabs"" style=""width: 40px; tab-size: 40px;"">	</span>​Jorge Grancha: Responsable de logística, es con quien Paco tiene más contacto. Jefe de Rocío</p><p><span class=""oe-tabs"" style=""width: 40px; tab-size: 40px;"">	</span>María: Responsable de importaciones/compras. Key User</p><p><span class=""oe-tabs"" style=""width: 40px; tab-size: 40px;"">	</span>​Rocío: operativa de logística, usa bastante Mojito, siempre a partir de la llegada del embarque</p><p><span class=""oe-tabs"" style=""width: 40px; tab-size: 40px;"">	</span>​Elena Peña: trabaja junto a María en compras.&nbsp;</p><p><span class=""oe-tabs"" style=""width: 40px; tab-size: 40px;"">	</span>​Andres Andreu: director de IT. Muy meticuloso y old school, se encarga de todos los procesos de traspaso de información, y levantamiento de incidencias también.&nbsp;<br></p><p>Carga de datos: integración por sFP. Envían un CSV cada vez que se crea un pedido o se realizan cambios. Son muchos ficheros por día porque es uno por envío</p><p>Packs documentales: tienen muchos packs documentals activos. Uno estandar para todos los envíos y luego 19 packs con filtros para abarcar las especificaciones documentales en cada pais o para cada proveedor. Es posible que pidan hacer ediciones en los packs, no porque no puedan hacerlas sino porque hay que trasladarlas a todos los usuarios que indiquen (suelen ser Rocío, Elena y María).</p><p>Gestión documental: suben todos los documentos a Mojito360 para luego poder enviarlos a clientes. Hay un flujo previsto para que esos documentos se descarguen automáticamente a una carpeta del sFTP, renombrados según nomenclaturas acordadas, para que desde EPSA puedan tomar esos documentos y alojarlos en su sistema (no querían tenerlos unicamente en Mojito360).</p>","0","0","informatica@epsa.net","","Soporte","True","EPSA","2024-10-04 19:26:41","1701","","Mensual","Mojito360, S.L., Admin","Mojito360, S.L., Admin"
"","","❌ Inactiva","","1232","__export__.x_entidad_1702_71e7c040","","2026-01-20 18:31:03","TIBA Turkey","","","10","","","0","Soporte","","0","0","","","Soporte","True","TIBA Turkey","2024-11-11 18:26:10","1702","","","Mojito360, S.L., Admin","Mojito360, S.L., Admin"
"","","❌ Inactiva","","1233","__export__.x_entidad_1703_bc86b181","","2026-01-20 18:31:12","Kave Home","","","10","","","0","Soporte","","0","0","","","Soporte","True","Kave Home","2024-11-13 18:26:28","1703","","","Mojito360, S.L., Admin","Mojito360, S.L., Admin"
"","","❌ Inactiva","","1234","__export__.x_entidad_1704_15702efc","","2026-01-20 18:31:20","Eliminar","","","10","","","0","Soporte","","0","0","","","Soporte","True","Eliminar","2024-11-15 18:27:15","1704","","","Mojito360, S.L., Admin","Mojito360, S.L., Admin"
"","","✅ Activa","","1235","__export__.x_entidad_1705_d90f06df","","2026-01-20 18:31:29","TIBA","","","10","Interna","","0","Soporte","","0","0","","","Soporte","True","TIBA","2024-11-21 18:28:26","1705","","","Mojito360, S.L., Admin","Mojito360, S.L., Admin"
"","","✅ Activa","","1236","__export__.x_entidad_1706_c577ee62","","2026-01-20 18:31:39","YPF Luz","","","10","Producción","","0","Soporte","","0","0","","","Soporte","True","YPF Luz","2024-12-17 18:30:00","1706","","","Mojito360, S.L., Admin","Mojito360, S.L., Admin"
"","Soporte","✅ Activa","","1237","__export__.x_entidad_1707_9677079f","","2026-01-20 18:31:50","Cargo Flores","","","10","Producción","","3600","Soporte","","0","1","","","Soporte","True","Cargo Flores","2025-01-02 18:38:12","1707","True","","Mojito360, S.L., Admin","Mojito360, S.L., Admin"
"","Soporte","✅ Activa","","1238","__export__.x_entidad_1708_07b211e9","","2026-01-20 18:32:01","F.BURGOS","","","10","Producción","","300","Soporte","","0","0","","","Soporte","True","F.BURGOS","2025-01-02 18:38:19","1708","","","Mojito360, S.L., Admin","Mojito360, S.L., Admin"
"","","❌ Inactiva","","1239","__export__.x_entidad_1709_d92f5a4c","","2026-01-20 18:32:11","Ocati Borrar","","","10","","","0","Soporte","","0","0","","","Soporte","True","Ocati Borrar","2025-01-21 19:43:37","1709","","","Mojito360, S.L., Admin","Mojito360, S.L., Admin"
"","","✅ Activa","","1240","__export__.x_entidad_1710_27a7c571","","2026-01-20 18:32:20","Hyperion","","","10","Producción","","0","Soporte","","0","0","","","Soporte","True","Hyperion","2025-01-31 10:31:17","1710","","","Mojito360, S.L., Admin","Mojito360, S.L., Admin"
"","Soporte","✅ Activa","","1241","__export__.x_entidad_1711_7dfbe902","","2026-01-20 18:32:28","LAPROFF","LABORATORIO PROFESIONAL FARMACEUTICO S.A.S.","","10","Producción","","0","Soporte","","0","7","BEMEL S.A.S. - (COLOMBIA)","","Soporte","True","LAPROFF","2025-02-13 18:30:32","1711","","","Mojito360, S.L., Admin","Mojito360, S.L., Admin"
"","","✅ Activa","","1242","__export__.x_entidad_1712_64077dc2","","2026-01-20 18:32:37","Flamagas","","","10","Test","","0","Soporte","","0","0","","","Soporte","True","Flamagas","2025-02-14 10:33:05","1712","","","Mojito360, S.L., Admin","Mojito360, S.L., Admin"
"","","✅ Activa","","1243","__export__.x_entidad_1713_6288d2a0","","2026-01-20 18:32:47","AI Company","","","10","Interna","","0","Soporte","","0","0","","","Soporte","True","AI Company","2025-02-18 18:27:53","1713","","","Mojito360, S.L., Admin","Mojito360, S.L., Admin"
"","","✅ Activa","","1244","__export__.x_entidad_1714_c1f9ccd6","","2026-01-20 18:32:55","SanLucar","","","10","Test","","0","Soporte","","0","0","","","Soporte","True","SanLucar","2025-03-17 10:29:34","1714","","","Mojito360, S.L., Admin","Mojito360, S.L., Admin"
"","Soporte","✅ Activa","","1245","__export__.x_entidad_1715_7c4a7f6d","","2026-01-20 18:33:07","Grupo Puerto de Cartagena","SOCIEDAD PORTUARIA REGIONAL DE CARTAGENA S.A.;TERMINAL DE CONTENEDORES DE CARTAGENA S.A...","","10","Producción","","220","Soporte","","0","0","BEMEL S.A.S. - (COLOMBIA)","","Soporte","True","Grupo Puerto de Cartagena","2025-03-28 10:29:53","1715","","","Mojito360, S.L., Admin","Mojito360, S.L., Admin"
"","","✅ Activa","","1246","__export__.x_entidad_1716_5437fbae","","2026-01-20 18:33:16","Bridge Polymers","","","10","Test","","0","Soporte","","0","0","","","Soporte","True","Bridge Polymers","2025-03-28 18:26:38","1716","","","Mojito360, S.L., Admin","Mojito360, S.L., Admin"
"","Soporte","✅ Activa","","1247","__export__.x_entidad_1719_330849b9","","2026-01-20 18:33:31","DIAGNOSTILAB VM SAS","DIAGNOSTILAB V.M SAS","","10","Producción","","72","Soporte","","0","0","BEMEL S.A.S. - (COLOMBIA)","","Soporte","True","DIAGNOSTILAB VM SAS","2025-04-29 19:30:05","1719","","","Mojito360, S.L., Admin","Mojito360, S.L., Admin"
"","","✅ Activa","","1248","__export__.x_entidad_1720_f6f893b9","","2026-01-20 18:33:40","Samar Demo","","","10","","","0","Soporte","","0","0","","","Soporte","True","Samar Demo","2025-05-06 19:33:54","1720","","","Mojito360, S.L., Admin","Mojito360, S.L., Admin"
"","","✅ Activa","","1249","__export__.x_entidad_1721_96a00d9f","","2026-01-20 18:33:48","AgriTecno - Backup","","","10","","","0","Soporte","","0","0","","","Soporte","True","AgriTecno - Backup","2025-05-08 19:32:33","1721","","","Mojito360, S.L., Admin","Mojito360, S.L., Admin"
"","","✅ Activa","","1250","__export__.x_entidad_1722_2f316149","","2026-01-20 18:33:57","Sourtrack","","","10","","","0","Soporte","","0","0","","","Soporte","True","Sourtrack","2025-05-08 19:32:40","1722","","","Mojito360, S.L., Admin","Mojito360, S.L., Admin"
"","","✅ Activa","","1251","__export__.x_entidad_1723_7fe91b7a","","2026-01-20 18:34:07","VIDEOJET TECHONOLOGIES MEXICO","","","10","Producción","","0","Soporte","","0","0","","","Soporte","True","VIDEOJET TECHONOLOGIES MEXICO","2025-05-14 19:35:43","1723","","","Mojito360, S.L., Admin","Mojito360, S.L., Admin"
"","","✅ Activa","","1252","__export__.x_entidad_1724_5ff2de10","","2026-01-20 18:34:16","SABIN CORP","","","10","Test","","0","Soporte","","0","0","","","Soporte","True","SABIN CORP","2025-05-22 19:35:03","1724","","","Mojito360, S.L., Admin","Mojito360, S.L., Admin"
"","","✅ Activa","","1253","__export__.x_entidad_1725_db31f466","","2026-01-20 18:34:25","ROMEU MEXICO","","","10","","","0","Soporte","","0","0","","","Soporte","True","ROMEU MEXICO","2025-06-05 19:37:05","1725","","","Mojito360, S.L., Admin","Mojito360, S.L., Admin"
"","","❌ Inactiva","","1254","__export__.x_entidad_1726_e1abf71c","","2026-01-20 18:34:36","LOEWE test","","","10","","","0","Soporte","","0","0","","","Soporte","True","LOEWE test","2025-06-19 19:35:27","1726","","","Mojito360, S.L., Admin","Mojito360, S.L., Admin"
"","","✅ Activa","","1255","__export__.x_entidad_1727_e3b95909","","2026-01-20 18:34:45","Grupo Multipoint","","","10","","","0","Soporte","","0","0","","","Soporte","True","Grupo Multipoint","2025-07-08 11:40:05","1727","","","Mojito360, S.L., Admin","Mojito360, S.L., Admin"
"","","✅ Activa","","1256","__export__.x_entidad_1728_5a6533a4","","2026-01-20 18:34:56","Grupo Altius","","","10","","","0","Soporte","","0","0","","","Soporte","True","Grupo Altius","2025-07-08 19:36:37","1728","","","Mojito360, S.L., Admin","Mojito360, S.L., Admin"
"","","✅ Activa","","1257","__export__.x_entidad_1729_981e0928","","2026-01-20 18:35:09","NOFER","","","10","","","0","Soporte","","0","0","","","Soporte","True","NOFER","2025-07-14 19:33:54","1729","","","Mojito360, S.L., Admin","Mojito360, S.L., Admin"
"","","✅ Activa","","1258","__export__.x_entidad_1730_38a63718","","2026-01-20 18:35:19","Calconut","","","10","","","0","Soporte","","0","0","","","Soporte","True","Calconut","2025-07-23 19:35:31","1730","","","Mojito360, S.L., Admin","Mojito360, S.L., Admin"
"","","❌ Inactiva","","1259","__export__.x_entidad_1731_877d1324","","2026-01-20 18:35:29","Calconut","","","10","","","0","Soporte","","0","0","","","Soporte","True","Calconut","2025-08-08 19:34:47","1731","","","Mojito360, S.L., Admin","Mojito360, S.L., Admin"
"","","✅ Activa","","1260","__export__.x_entidad_1732_90037e48","","2026-01-20 18:35:40","Ordesa","","","10","Producción","","0","Soporte","","0","0","","","Soporte","True","Ordesa","2025-08-11 11:38:46","1732","","","Mojito360, S.L., Admin","Mojito360, S.L., Admin"
"","","✅ Activa","","1261","__export__.x_entidad_1733_29345814","","2026-01-20 18:35:48","Axionlog","","","10","","","0","Soporte","","0","0","","","Soporte","True","Axionlog","2025-08-19 19:34:13","1733","","","Mojito360, S.L., Admin","Mojito360, S.L., Admin"
"","","✅ Activa","","1262","__export__.x_entidad_1734_c81b63df","","2026-01-20 18:35:57","INFRA","","","10","","","0","Soporte","","0","0","Romeu México, S.A. de C.V.","","Soporte","True","INFRA","2025-09-24 11:41:20","1734","","","Mojito360, S.L., Admin","Mojito360, S.L., Admin"
"","","✅ Activa","","1263","__export__.x_entidad_1735_f5d93e01","","2026-01-20 18:36:06","Viroque Energy","","","10","Producción","","0","Soporte","","0","0","TIBA MEXICO SA DE CV","","Soporte","True","Viroque Energy","2025-09-26 03:41:23","1735","","","Mojito360, S.L., Admin","Mojito360, S.L., Admin"
"","","✅ Activa","","1264","__export__.x_entidad_1736_0315c506","","2026-01-20 18:36:16","El Catador","","","10","","","0","Soporte","","0","0","","","Soporte","True","El Catador","2025-09-30 19:38:10","1736","","","Mojito360, S.L., Admin","Mojito360, S.L., Admin"
"","","✅ Activa","","1265","__export__.x_entidad_1737_15361606","","2026-01-20 18:36:26","HUBEMAR","","","10","","","0","Soporte","","0","0","","","Soporte","True","HUBEMAR","2025-11-12 18:42:42","1737","","","Mojito360, S.L., Admin","Mojito360, S.L., Admin"
"","","✅ Activa","","1266","__export__.x_entidad_1760_64af660f","","2026-01-20 18:36:34","LOEWE TEST","","","10","","","0","","","0","0","","","","True","LOEWE TEST","2025-12-15 18:39:51","1760","","","Mojito360, S.L., Admin","Mojito360, S.L., Admin"
"","","✅ Activa","","1267","__export__.x_entidad_1761_19d27250","","2026-01-20 18:36:43","Grupo Casais","","","10","","","0","","","0","0","","","","True","Grupo Casais","2026-01-09 18:37:35","1761","","","Mojito360, S.L., Admin","Mojito360, S.L., Admin"
